﻿{"cameraMode":{"drawMode":0,"name":"Shaded","section":"Shading Mode"},"sceneLighting":true,"audioPlay":false,"sceneViewState":{"showFog":true,"showMaterialUpdate":false,"showSkybox":true,"showFlares":true,"showImageEffects":true,"showParticleSystems":true},"in2DMode":false,"pivot":{"x":7.687289237976074,"y":1.4597063064575196,"z":-14.181797981262207},"rotation":{"x":0.24527309834957124,"y":-0.013104980811476708,"z":0.0032565772999078037,"w":0.9694152474403381},"size":16.921865463256837,"orthographic":false}