﻿{"cameraMode":{"drawMode":0,"name":"Shaded","section":"Shading Mode"},"sceneLighting":false,"audioPlay":false,"sceneViewState":{"showFog":true,"showMaterialUpdate":false,"showSkybox":false,"showFlares":true,"showImageEffects":true,"showParticleSystems":true},"in2DMode":false,"pivot":{"x":4.376106262207031,"y":2.0399999618530275,"z":-4.170000076293945},"rotation":{"x":0.2847244143486023,"y":-0.157265767455101,"z":0.047420062124729159,"w":0.9444437623023987},"size":4.041658401489258,"orthographic":false}